Date,Actual,Predicted,Error
2022-01-12,110.33999633789062,110.77873812449691,-0.43874178660628615
2022-01-13,109.29000091552734,110.41563304371385,-1.1256321281865098
2022-01-14,108.30999755859376,109.29820023786093,-0.988202679267161
2022-01-18,106.9499969482422,108.20237085559349,-1.2523739073512843
2022-01-19,105.62000274658205,106.75444466613102,-1.1344419195489763
2022-01-20,105.37000274658205,105.42014182506378,-0.0501390784817346
2022-01-21,105.54000091552734,105.1904673416834,0.34953357384394224
2022-01-24,105.05999755859376,105.45943303688095,-0.39943547828718806
2022-01-25,103.36000061035156,105.11442879540564,-1.7544281850540813
2022-01-26,101.80999755859376,103.44662988102246,-1.6366323224286958
2022-01-27,104.9800033569336,101.84741169545265,3.1325916614809444
2022-01-28,106.58000183105467,104.90964731525574,1.670354515798934
2022-01-31,105.98999786376952,106.86636169148215,-0.8763638277126375
2022-02-01,107.45999908447266,106.3404651805308,1.119533903941857
2022-02-02,106.11000061035156,107.64757043449606,-1.537569824144498
2022-02-03,105.12999725341795,106.37060418965174,-1.2406069362337888
2022-02-04,104.9499969482422,105.21880472294794,-0.2688077747057349
2022-02-07,104.4000015258789,104.97901780606695,-0.5790162801880427
2022-02-08,106.79000091552734,104.48054544846767,2.309455467059678
2022-02-09,104.12000274658205,106.88433277472075,-2.7643300281387013
2022-02-10,103.04000091552734,104.57332314036226,-1.5333222248349188
2022-02-11,102.08000183105467,103.27030009870515,-1.1902982676504763
2022-02-14,102.86000061035156,102.30495806799541,0.5550425423561478
2022-02-15,103.1999969482422,103.07207666720271,0.1279202810394935
2022-02-16,102.04000091552734,103.4920184407821,-1.4520175252547602
2022-02-17,101.51000213623048,102.35264311828809,-0.8426409820576026
2022-02-18,100.98999786376952,101.70482751455296,-0.7148296507834431
2022-02-22,99.20999908447266,101.15727075914631,-1.947271674673658
2022-02-23,100.97000122070312,99.3895500350458,1.5804511856573242
2022-02-24,103.4000015258789,100.88095622913772,2.519045296741183
2022-02-25,101.69000244140624,103.39647287976442,-1.7064704383581812
2022-02-28,101.43000030517578,101.86592000748803,-0.43591970231224764
2022-03-01,103.18000030517578,101.3746595863884,1.8053407187873773
2022-03-02,104.02999877929688,103.05641823852388,0.9735805407729998
2022-03-03,104.54000091552734,104.03119424850145,0.5088066670258939
2022-03-04,102.4000015258789,104.52907743353789,-2.1290759076589865
2022-03-07,101.83000183105467,102.38668963419032,-0.5566878031356453
2022-03-08,103.45999908447266,101.63735335910934,1.8226457253633157
2022-03-09,103.70999908447266,103.33192250751459,0.3780765769580654
2022-03-10,102.83999633789062,103.86383948962046,-1.0238431517298352
2022-03-11,102.11000061035156,102.99669591834373,-0.88669530799217
2022-03-14,102.81999969482422,102.21209459908648,0.6079050957377348
2022-03-15,104.11000061035156,102.89410450200101,1.2158961083505488
2022-03-16,105.62999725341795,104.26559122105064,1.364406032367313
2022-03-17,105.83000183105467,105.84439040521083,-0.014388574156157574
2022-03-18,105.2699966430664,106.0284420302134,-0.7584453871469918
2022-03-21,105.55999755859376,105.37226461360679,0.18773294498697624
2022-03-22,104.41999816894533,105.5504418259152,-1.1304436569698737
2022-03-23,104.6500015258789,104.37917549221115,0.2708260336677597
2022-03-24,105.87000274658205,104.48394015604767,1.3860625905343795
2022-03-25,107.06999969482422,105.78303812831862,1.286961566505596
2022-03-28,110.12000274658205,107.11023805378267,3.0097646927993793
2022-03-29,109.37000274658205,110.17401624199249,-0.8040134954104445
2022-03-30,108.22000122070312,109.57742281873038,-1.3574215980272584
2022-03-31,110.02999877929688,108.19116759183419,1.838831187462688
2022-04-01,109.62999725341795,109.8279268222331,-0.197929568815141
2022-04-04,109.2699966430664,109.56965309704145,-0.2996564539750466
2022-04-05,110.5500030517578,109.11087899630695,1.439124055450847
2022-04-06,109.72000122070312,110.39592073344451,-0.6759195127413875
2022-04-07,109.8499984741211,109.72764696704348,0.12235150707761022
2022-04-08,108.62999725341795,109.7713855429805,-1.141388289562542
2022-04-11,108.38999938964844,108.57789494398739,-0.1878955543389509
2022-04-12,109.02999877929688,108.2018890605469,0.8281097187499711
2022-04-13,108.5,108.86618121749717,-0.3661812174971715
2022-04-14,108.11000061035156,108.48233767918045,-0.37233706882888384
2022-04-18,110.37999725341795,108.06071328796818,2.3192839654497703
2022-04-19,112.37999725341795,110.29298591434845,2.0870113390695053
2022-04-20,111.48999786376952,112.44157346746005,-0.9515756036905287
2022-04-21,109.55999755859376,111.52501871565852,-1.9650211570647542
2022-04-22,109.19000244140624,109.36680233728194,-0.17679989587570333
2022-04-25,107.41000366210938,108.79848676085464,-1.3884830987452688
2022-04-26,106.7699966430664,107.09444106530822,-0.324444422241811
2022-04-27,108.76000213623048,106.5014136897124,2.2585884465180897
2022-04-28,103.75,108.58246069615575,-4.832460696155749
2022-04-29,101.19000244140624,103.88298062648956,-2.6929781850833194
2022-05-02,102.70999908447266,101.06564735198569,1.6443517324869674
2022-05-03,103.83999633789062,102.57005424046406,1.269942097426565
2022-05-04,101.12999725341795,103.96843231185915,-2.838435058441192
2022-05-05,99.83000183105467,101.39966454487663,-1.5696627138219554
2022-05-06,95.5999984741211,99.8661215520207,-4.266123077899607
2022-05-09,93.75,95.68599080908959,-1.9359908090895885
2022-05-10,93.5500030517578,93.63477733607999,-0.0847742843221937
2022-05-11,94.22000122070312,93.49298952473784,0.7270116959652881
2022-05-12,96.7699966430664,94.25046042565933,2.5195362174070794
2022-05-13,96.12999725341795,96.8843245644884,-0.7543273110704405
2022-05-16,97.1999969482422,96.52213419584015,0.6778627524020493
2022-05-17,94.38999938964844,97.36877142854848,-2.978772038900047
2022-05-18,94.16000366210938,94.63526016678102,-0.47525650467164837
2022-05-19,94.87999725341795,94.08451466606594,0.7954825873520122
2022-05-20,96.04000091552734,94.82276787356535,1.2172330419619897
2022-05-23,96.95999908447266,96.15023603872979,0.8097630457428693
2022-05-24,97.6500015258789,97.23692263473913,0.4130788911397758
2022-05-25,97.73999786376952,98.00855999902485,-0.2685621352553369
2022-05-26,100.36000061035156,98.18834206650683,2.1716585438447282
2022-05-27,99.13999938964844,100.63507713364503,-1.495077743996589
2022-05-31,98.26000213623048,99.56468093226718,-1.304678796036697
2022-06-01,99.68000030517578,98.43940977391323,1.240590531262555
2022-06-02,98.3499984741211,99.80763613511648,-1.4576376609953883
2022-06-03,98.01000213623048,98.72605354655654,-0.7160514103260596
2022-06-06,99.31999969482422,98.28475570722881,1.0352439875954076
2022-06-07,97.04000091552734,99.5512077430605,-2.511206827533158
2022-06-08,94.5500030517578,97.38799549378257,-2.8379924420247704
2022-06-09,92.47000122070312,94.6688049805776,-2.1988037598744796
2022-06-10,87.91000366210938,92.47437823092095,-4.564374568811573
2022-06-13,87.22000122070312,87.98101071905674,-0.7610094983536158
2022-06-14,89.19000244140625,87.06083661804814,2.1291658233581074
2022-06-15,86.94999694824219,89.1831702119247,-2.2331732636825166
2022-06-16,87.66000366210938,87.33690107497169,0.3231025871376829
2022-06-17,89.02999877929688,87.7196406440156,1.3103581352812768
2022-06-21,90.30999755859376,89.07959631299005,1.2304012456037157
2022-06-22,92.08000183105467,90.29745170324982,1.7825501278048534
2022-06-23,94.04000091552734,91.9393685604077,2.100632355119643
2022-06-24,93.83000183105467,93.81442514404065,0.015576687014018376
2022-06-27,92.72000122070312,93.61046744302918,-0.8904662223260544
2022-06-28,92.16000366210938,92.4682171050873,-0.3082134429779302
2022-06-29,91.9800033569336,91.85619545689411,0.1238079000394805
2022-06-30,93.70999908447266,91.71545323159579,1.9945458528768683
2022-07-01,93.31999969482422,93.58407517562058,-0.26407548079636456
2022-07-05,93.30999755859376,93.54956719486842,-0.239569636274652
2022-07-06,93.47000122070312,93.58153338498461,-0.11153216428148482
2022-07-07,93.01000213623048,93.869886195682,-0.8598840594515167
2022-07-08,92.83000183105467,93.4934980624713,-0.6634962314166302
2022-07-11,92.36000061035156,93.26677808805967,-0.9067774777081041
2022-07-12,91.97000122070312,92.79949243833715,-0.829491217634029
2022-07-13,91.06999969482422,92.35256155606632,-1.282561861242101
2022-07-14,92.62000274658205,91.41688202267976,1.2031207239022876
2022-07-15,91.87000274658205,92.84061184389505,-0.9706090973130017
2022-07-18,94.23999786376952,92.22547621221534,2.014521651554176
2022-07-19,93.95999908447266,94.28728805644717,-0.3272889719745109
2022-07-20,94.77999877929688,94.16498968354091,0.6150090957559655
2022-07-21,95.3499984741211,94.753046699596,0.5969517745250954
2022-07-22,95.48999786376952,95.30050106892949,0.18949679484002502
2022-07-25,95.5500030517578,95.42545443640799,0.12454861534980921
2022-07-26,96.3499984741211,95.45042991743699,0.8995685566841018
2022-07-27,99.5500030517578,96.21531965659734,3.3346833951604538
2022-07-28,100.12999725341795,99.3944229982811,0.7355742551368536
2022-07-29,99.29000091552734,100.19578395414766,-0.9057830386203136
2022-08-01,98.01000213623048,99.31021163440352,-1.3002094981730323
2022-08-02,98.31999969482422,97.87738807352527,0.44261162129895126
2022-08-03,98.2699966430664,98.0778445966427,0.19215204642370054
2022-08-04,98.5500030517578,98.14724074052312,0.40276231123468165
2022-08-05,99.33999633789062,98.46746185874149,0.8725344791491381
2022-08-08,99.93000030517578,99.32453310313883,0.605467202036948
2022-08-09,101.41999816894533,99.99839684810959,1.4216013208357339
2022-08-10,101.06999969482422,101.4860665705994,-0.4160668757751864
2022-08-11,102.69000244140624,101.14141792435424,1.5485845170519923
2022-08-12,103.19000244140624,102.54027745190301,0.6497249895032269
2022-08-15,102.80999755859376,103.06782572613146,-0.25782816753769566
2022-08-16,102.37999725341795,102.66615783690891,-0.28616058349095397
2022-08-17,101.58999633789062,102.16466023394209,-0.5746638960514616
2022-08-18,100.66000366210938,101.37979556034966,-0.7197918982402882
2022-08-19,98.55999755859376,100.46324925800133,-1.9032516994075621
2022-08-22,97.25,98.4087209520656,-1.1587209520655932
2022-08-23,97.83000183105467,97.06215521108702,0.7678466199676564
2022-08-24,99.33999633789062,97.64589091526024,1.6941054226303862
2022-08-25,96.9000015258789,99.35912386905004,-2.4591223431711313
2022-08-26,96.04000091552734,97.15610944164118,-1.116108526113834
2022-08-29,94.63999938964844,96.0362817808051,-1.3962823911566602
2022-08-30,94.26000213623048,94.61787270089694,-0.35787056466645595
2022-08-31,94.43000030517578,94.14443157222323,0.28556873295255514
2022-09-01,93.20999908447266,94.33047750897309,-1.1204784245004333
2022-09-02,94.27999877929688,93.1912315170509,1.0887672622459803
2022-09-06,96.12000274658205,94.14258793148971,1.977414815092331
2022-09-07,96.4000015258789,96.09739410170238,0.30260742417652864
2022-09-08,97.31999969482422,96.52687131782581,0.7931283769984105
2022-09-09,98.16000366210938,97.2872515550162,0.8727521070931772
2022-09-12,94.52999877929688,98.12386187835236,-3.5938630990554827
2022-09-13,93.29000091552734,94.60589952142334,-1.3158986058959954
2022-09-14,91.58000183105467,93.10301602820216,-1.5230141971474893
2022-09-15,91.51000213623048,91.5579373596153,-0.04793522338481182
2022-09-16,91.38999938964844,91.55025760790713,-0.16025821825869002
2022-09-19,89.16000366210938,91.68611782556735,-2.526114163457976
2022-09-20,87.80999755859375,89.65324955957877,-1.843252000985018
2022-09-21,86.94000244140625,88.16693179925022,-1.2269293578439715
2022-09-22,85.80000305175781,87.29024560020275,-1.4902425484449395
2022-09-23,82.61000061035156,86.19596799469569,-3.58596738434413
2022-09-26,81.43000030517578,83.02230876390612,-1.5923084587303435
2022-09-27,83.01000213623047,81.61963701302224,1.3903651232082268
2022-09-28,80.63999938964844,83.09397952775566,-2.4539801381072266
2022-09-29,81.41999816894531,81.12453376999493,0.29546439895038645
2022-09-30,82.94000244140625,81.52630702672877,1.413695414677477
2022-10-03,84.55000305175781,83.01510873701477,1.5348943147430418
2022-10-04,82.86000061035156,84.64140872115226,-1.7814081108006974
2022-10-05,80.5199966430664,83.1089483490285,-2.5889517059620886
2022-10-06,78.62999725341797,80.56793014081921,-1.9379328874012458
2022-10-07,77.75,78.56386241893563,-0.8138624189356278
2022-10-10,78.61000061035156,77.76016074383452,0.8498398665170441
2022-10-11,77.72000122070312,78.7075189028221,-0.9875176821189768
2022-10-12,78.98999786376953,78.14225506165036,0.8477428021191713
2022-10-13,76.97000122070312,79.30586305673445,-2.3358618360313272
2022-10-14,79.80999755859375,77.64730728286544,2.162690275728309
2022-10-17,80.70999908447266,79.99442038594509,0.7155786985275654
2022-10-18,78.69999694824219,81.18012810699848,-2.4801311587562935
2022-10-19,78.33000183105469,79.2226997546747,-0.8926979236200054
2022-10-20,78.87000274658203,78.52447246519007,0.34553028139195874
2022-10-21,78.80999755859375,79.03308890680319,-0.22309134820943655
2022-10-24,81.94999694824219,79.08701165736426,2.86298529087793
2022-10-25,82.11000061035156,81.96172103902539,0.14827957132617087
2022-10-26,82.26000213623047,82.50122327783865,-0.24122114160817887
2022-10-27,84.08999633789062,82.4660061216016,1.6239902162890303
2022-10-28,83.98999786376953,84.13324469813084,-0.1432468343613067
2022-10-31,83.83000183105469,84.18045796715721,-0.35045613610252246
2022-11-01,81.58000183105469,83.9130125565778,-2.33301072552311
2022-11-02,81.5199966430664,81.75652189994278,-0.2365252568763765
2022-11-03,82.6500015258789,81.47360266308007,1.176398862798834
2022-11-04,82.69999694824219,82.66324354845584,0.03675339978634895
2022-11-07,83.08000183105469,82.92605113877576,0.15395069227892577
2022-11-08,82.26000213623047,83.23009729284466,-0.9700951566141924
2022-11-09,88.25,82.4356157185197,5.814384281480301
2022-11-10,88.04000091552734,87.91882824094061,0.12117267458673098
2022-11-11,86.0199966430664,88.30855465635089,-2.2885580132844865
2022-11-14,87.01000213623047,86.04747614663196,0.9625259895985039
2022-11-15,86.22000122070312,86.61541006085872,-0.3954088401555964
2022-11-16,85.52999877929688,85.99273412399388,-0.46273534469700905
2022-11-17,86.58999633789062,85.2519762343014,1.3380201035892298
2022-11-18,87.05999755859375,86.23302842734542,0.8269691312483332
2022-11-21,87.5,86.87437952334128,0.6256204766587246
2022-11-22,87.62000274658203,87.40036829332216,0.21963445325987152
2022-11-23,88.19999694824219,87.62656180663075,0.5734351416114407
2022-11-25,85.7699966430664,88.11336409896339,-2.3433674558969813
2022-11-28,87.19999694824219,85.8153918476421,1.3846051006000835
2022-11-29,89.16999816894531,86.93974132751255,2.2302568414327624
2022-11-30,89.05999755859375,89.07021535364528,-0.010217795051531198
2022-12-01,88.77999877929688,89.16827441993507,-0.38827564063819864
2022-12-02,87.19000244140625,88.79190669768775,-1.6019042562815002
2022-12-05,86.37000274658203,87.17126564139903,-0.8012628948170004
2022-12-06,86.54000091552734,86.19738114943611,0.34261976609123224
2022-12-07,87.19999694824219,86.31271509187228,0.8872818563699099
2022-12-08,87.08999633789062,86.99755372429952,0.0924426135911034
2022-12-09,87.7300033569336,87.09584891241462,0.6341544445189697
2022-12-12,88.56999969482422,87.7802124779926,0.7897872168316127
2022-12-13,87.97000122070312,88.67222861988665,-0.7022273991835277
2022-12-14,86.70999908447266,88.13865116078794,-1.428652076315288
2022-12-15,84.5199966430664,86.7844611043659,-2.2644644612994966
2022-12-16,83.5199966430664,84.50123743150344,-0.9812407884370344
2022-12-19,83.29000091552734,83.39897613469945,-0.10897521917210895
2022-12-20,84.1500015258789,83.25614463072166,0.8938568951572421
2022-12-21,83.80999755859375,84.19791804220354,-0.3879204836097898
2022-12-22,84.52999877929688,84.05628384164439,0.4737149376524883
2022-12-23,84.47000122070312,84.70372892762954,-0.2337277069264161
2022-12-27,83.04000091552734,84.6706714444318,-1.63067052890446
2022-12-28,84.88999938964844,83.20883281605302,1.6811665735954193
2022-12-29,84.19000244140625,84.75499876966765,-0.564996328261401
2022-12-30,84.33999633789062,84.33056110035564,0.009435237534987095
2023-01-03,86.1500015258789,84.3719452115075,1.7780563143714119
2023-01-04,83.8499984741211,86.11819405908103,-2.2681955849599404
2023-01-05,86.20999908447266,84.11100886966821,2.098990214804445
2023-01-06,86.20999908447266,86.0032244452961,0.20677463917655814
2023-01-09,86.4000015258789,86.32388200593785,0.07611951994105937
2023-01-10,89.54000091552734,86.42887518015921,3.111125735368134
2023-01-11,90.51000213623048,89.40922044912965,1.1007816871008345
2023-01-12,90.01000213623047,90.70954942182713,-0.6995472855966653
2023-01-13,90.0999984741211,90.18824396468624,-0.08824549056514286
2023-01-17,88.8499984741211,90.12053357068208,-1.270535096560991
2023-01-18,88.37000274658203,88.88400695436512,-0.5140042077830884
2023-01-19,89.47000122070312,88.23524957057566,1.234751650127464
2023-01-20,89.80000305175781,89.3260034891129,0.47399956264490584
2023-01-23,90.06999969482422,89.810202677624,0.25979701720021353
2023-01-24,89.97000122070312,90.09414540103505,-0.12414418033192476
2023-01-25,90.97000122070312,90.04158212951775,0.9284190911853756
2023-01-26,91.9000015258789,90.91352361443515,0.9864779114437567
2023-01-27,90.8000030517578,91.81610787068338,-1.0161048189255837
2023-01-30,92.58999633789062,90.75845142074321,1.8315449171474114
2023-01-31,93.19000244140624,92.2517907234087,0.9382117179975324
2023-02-01,95.23999786376952,92.99732493939582,2.242672924373693
2023-02-02,93.30999755859376,94.98728439401557,-1.6772868354218105
2023-02-03,92.73999786376952,93.2021582916015,-0.4621604278319893
2023-02-06,92.58000183105467,92.36234972313562,0.21765210791905076
2023-02-07,92.19000244140624,92.17123427759952,0.01876816380671187
2023-02-08,91.12000274658205,91.84258693937164,-0.7225841927895971
2023-02-09,91.41000366210938,90.88550295272483,0.5245007093845402
2023-02-10,92.27999877929688,91.16654189162743,1.113456887669443
2023-02-13,91.47000122070312,92.18419144707508,-0.7141902263719544
2023-02-14,91.87000274658205,91.54606901487972,0.32393373170232564
2023-02-15,91.08000183105467,91.8266994505388,-0.7466976194841237
2023-02-16,90.66000366210938,91.04561885056224,-0.38561518845286
2023-02-17,88.86000061035156,90.53193827333138,-1.6719376629798148
2023-02-21,87.94999694824219,88.78608133568027,-0.8360843874380777
2023-02-22,88.48999786376953,87.7754193922427,0.7145784715268348
2023-02-23,86.9800033569336,88.31092205365455,-1.330918696720957
2023-02-24,87.16000366210938,87.0420489733446,0.11795468876476889
2023-02-27,87.06999969482422,87.12273148922017,-0.0527317943959531
2023-02-28,85.87999725341797,87.11044338748266,-1.2304461340646924
2023-03-01,86.9000015258789,86.00983791363366,0.8901636122452459
2023-03-02,88.31999969482422,86.85505049007577,1.46494920474845
2023-03-03,87.97000122070312,88.40035317965813,-0.43035195895500067
2023-03-06,85.9000015258789,88.18925579967485,-2.2892542737959474
2023-03-07,86.91000366210938,86.09491827751951,0.8150853845898638
2023-03-08,84.88999938964844,86.83214243785652,-1.9421430482080808
2023-03-09,82.0999984741211,85.07654641943533,-2.9765479453142376
2023-03-10,83.23999786376953,82.22369620424014,1.0163016595293897
2023-03-13,84.06999969482422,83.10176263877041,0.9682370560538089
2023-03-14,83.91999816894531,84.22891654784124,-0.30891837889592466
2023-03-15,83.94000244140625,84.27316543153837,-0.3331629901321236
2023-03-16,82.05999755859375,84.27122340578248,-2.2112258471887287
2023-03-17,82.98999786376953,82.44145055888386,0.5485473048856733
2023-03-20,82.5199966430664,83.05148748892341,-0.5314908458570073
2023-03-21,79.6500015258789,82.7574803103017,-3.1074787844227956
2023-03-22,78.7300033569336,79.91412039429747,-1.184117037363876
2023-03-23,80.69000244140625,78.73974971703312,1.9502527243731294
2023-03-24,80.58000183105469,80.6258933197742,-0.0458914887195192
2023-03-27,80.31999969482422,80.87937088133842,-0.5593711865141984
2023-03-28,82.12000274658203,80.57494642456564,1.5450563220163929
2023-03-29,83.1500015258789,82.15306482731276,0.9969366985661452
2023-03-30,84.9000015258789,83.27211425923028,1.627887266648628
2023-03-31,84.2300033569336,84.97100349154948,-0.7410001346158879
2023-04-03,84.16999816894531,84.41452732724852,-0.24452915830320876
2023-04-04,83.70999908447266,84.11694366259869,-0.4069445781260299
2023-04-05,84.22000122070312,83.69217046626206,0.5278307544410694
2023-04-06,84.62999725341797,84.16857693215873,0.46142032125924004
2023-04-10,85.08000183105469,84.63238022021123,0.44762161084345564
2023-04-11,84.66000366210938,85.12261927289833,-0.4626156107889585
2023-04-12,84.41999816894531,84.79436518944166,-0.37436702049635073
2023-04-13,83.05999755859375,84.51710739865811,-1.457109840064362
2023-04-14,84.86000061035156,83.23743977742346,1.6225608329281016
2023-04-17,84.69999694824219,84.77277686904371,-0.07277992080152274
2023-04-18,85.12000274658203,84.89022250597226,0.2297802406097702
2023-04-19,84.25,85.23412672733235,-0.9841267273323524
2023-04-20,84.41999816894531,84.41505677550856,0.004941393436752151
2023-04-21,84.18000030517578,84.39925830747825,-0.2192580023024675
2023-04-24,83.29000091552734,84.1704609457849,-0.8804600302575523
2023-04-25,82.63999938964844,83.2538642837145,-0.6138648940660687
2023-04-26,84.66999816894531,82.51175467579588,2.1582434931494276
2023-04-27,85.68000030517578,84.39504960460432,1.284950700571457
2023-04-28,84.91999816894531,85.67774604786966,-0.7577478789243486
2023-05-01,83.47000122070312,85.02996935450004,-1.5599681337969145
2023-05-02,83.06999969482422,83.49216490739157,-0.42216521256735007
2023-05-03,83.75,82.93491926005956,0.8150807399404414
2023-05-04,85.13999938964844,83.59010185182643,1.5498975378220052
2023-05-05,84.66000366210938,85.05160721973294,-0.3916035576235686
2023-05-08,84.2699966430664,84.76512267635566,-0.4951260332892531
2023-05-09,85.08000183105469,84.3271733384575,0.7528284925971889
2023-05-10,84.1500015258789,85.08142936855634,-0.9314278426774365
2023-05-11,84.16999816894531,84.29047544958078,-0.1204772806354697
2023-05-12,84.02999877929688,84.13491077248159,-0.10491199318471445
2023-05-15,81.9800033569336,84.03927301157881,-2.0592696546452203
2023-05-16,83.04000091552734,82.12946607174958,0.9105348437777678
2023-05-17,82.66999816894531,82.98499899452813,-0.31500082558281406
2023-05-18,82.55999755859375,82.89102974434488,-0.3310321857511269
2023-05-19,83.08000183105469,82.74287800560947,0.337123825445218
2023-05-22,82.19000244140625,83.21575048369992,-1.025748042293671
2023-05-23,80.51000213623047,82.42029258297421,-1.910290446743744
2023-05-24,80.5199966430664,80.66218189914787,-0.14218525608146138
2023-05-25,81.44999694824219,80.52701948371988,0.9229774645223046
2023-05-26,81.80000305175781,81.49765985538143,0.30234319637638407
2023-05-30,82.2300033569336,81.97246447425051,0.2575388826830789
2023-05-31,82.27999877929688,82.41544957187332,-0.13545079257644943
2023-06-01,84.12000274658203,82.44170043168698,1.678302314895049
2023-06-02,83.55999755859375,84.10356266384107,-0.5435651052473247
2023-06-05,84.27999877929688,83.74672533362983,0.5332734456670494
2023-06-06,85.19999694824219,84.22815070758371,0.9718462406584791
2023-06-07,84.76000213623047,85.14098471946514,-0.38098258323466894
2023-06-08,84.23999786376953,84.82368142291506,-0.5836835591455269
2023-06-09,84.33999633789062,84.26585764678504,0.07413869110558835
2023-06-12,84.95999908447266,84.33111470573395,0.6288843787387037
2023-06-13,85.38999938964844,84.98490958746109,0.4050898021873479
2023-06-14,85.83999633789062,85.46916311215485,0.3708332257357796
2023-06-15,85.80999755859375,85.95465762525355,-0.14466006665979592
2023-06-16,84.91000366210938,85.93072859229277,-1.0207249301833912
2023-06-20,84.54000091552734,85.04303761710031,-0.5030367015729666
2023-06-21,83.30000305175781,84.58622410581341,-1.286221054055602
2023-06-22,82.23999786376953,83.38067755877128,-1.1406796950017508
2023-06-23,84.11000061035156,82.26350349855318,1.846497111798385
2023-06-26,85.12000274658203,83.95016736443624,1.1698353821457914
2023-06-27,85.25,85.19611014265726,0.05388985734273888
2023-06-28,86.11000061035156,85.37200511689943,0.7379954934521322
2023-06-29,86.54000091552734,86.08643835603004,0.45356255949729984
2023-06-30,87.27999877929688,86.47600556985257,0.8039932094443003
2023-07-03,87.58000183105469,87.13315172884003,0.44685010221465404
2023-07-05,86.87999725341797,87.422496666152,-0.5424994127340312
2023-07-06,86.6500015258789,86.72799500515487,-0.07799347927596045
2023-07-07,87.01000213623047,86.44953388308583,0.5604682531446343
2023-07-10,88.18000030517578,86.85706169866303,1.32293860651275
2023-07-11,88.66000366210938,88.06088650300214,0.5991171591072373
2023-07-12,89.27999877929688,88.65921600129285,0.6207827780040276
2023-07-13,89.1500015258789,89.2715279999186,-0.12152647403969752
2023-07-14,88.55000305175781,89.16661566698895,-0.6166126152311335
2023-07-17,88.02999877929688,88.55254780449341,-0.5225490251965397
2023-07-18,89.0,87.99176469692055,1.008235303079445
2023-07-19,88.7300033569336,88.88581939435836,-0.15581603742477057
2023-07-20,89.13999938964844,88.7815039022078,0.358495487440635
2023-07-21,89.86000061035156,89.13385732531331,0.7261432850382477
2023-07-24,89.2300033569336,89.84811992501616,-0.61811656808257
2023-07-25,89.69000244140625,89.28485049764332,0.40515194376293096
2023-07-26,87.72000122070312,89.59988214859965,-1.8798809278965223
2023-07-27,87.55000305175781,87.7266711357347,-0.17666808397689238
2023-07-28,88.05000305175781,87.34705672248954,0.702946329268272
2023-07-31,87.87999725341797,87.90667518643873,-0.026677933020764044
2023-08-01,87.37000274658203,87.89099100629858,-0.520988259716546
2023-08-02,86.41000366210938,87.41317072890531,-1.003167066795939
2023-08-03,85.75,86.45716048020405,-0.7071604802040525
2023-08-04,86.79000091552734,85.73510117161835,1.0548997439089902
2023-08-07,86.20999908447266,86.66271380868885,-0.4527147242161931
2023-08-08,86.25,86.27581904839514,-0.02581904839513527
2023-08-09,85.91999816894531,86.21369825149678,-0.2937000825514673
2023-08-10,86.08999633789062,85.94600801192934,0.1439883259612884
2023-08-11,85.48999786376953,86.10059849891817,-0.6106006351486428
2023-08-14,84.47000122070312,85.5473596135291,-1.0773583928259711
2023-08-15,83.51000213623047,84.49889011927965,-0.9888879830491817
2023-08-16,82.93000030517578,83.50700754106145,-0.5770072358856737
2023-08-17,83.12999725341797,82.93645714186829,0.1935401115496802
2023-08-18,82.4000015258789,83.18792526608068,-0.7879237402017765
2023-08-21,82.66999816894531,82.6134493157654,0.05654885317991898
2023-08-22,84.0,82.82753210612351,1.1724678938764868
2023-08-23,83.63999938964844,84.15431836557886,-0.5143189759304221
2023-08-24,83.79000091552734,83.95268199887083,-0.16268108334348597
2023-08-25,84.48999786376953,83.967793622144,0.5222042416255306
2023-08-28,85.51000213623047,84.59651343345207,0.9134887027783947
2023-08-29,85.83000183105469,85.60886269567573,0.22113913537896224
2023-08-30,85.33999633789062,85.98256307772445,-0.6425667398338248
2023-08-31,85.38999938964844,85.48752890238137,-0.0975295127329332
2023-09-01,84.33000183105469,85.41721709149348,-1.0872152604387963
2023-09-05,84.16000366210938,84.43869803171891,-0.2786943696095392
2023-09-06,84.70999908447266,84.19033957434252,0.5196595101301398
2023-09-07,84.27999877929688,84.75016661494597,-0.47016783564909304
2023-09-08,84.27999877929688,84.46979910240465,-0.18980032310777517
2023-09-11,84.37999725341797,84.4476052924848,-0.06760803906682611
2023-09-12,83.4800033569336,84.57160044076474,-1.0915970838311466
2023-09-13,85.02999877929688,83.72644035435277,1.3035584249441001
2023-09-14,84.58000183105469,85.03152643637242,-0.4515246053177293
2023-09-15,83.91999816894531,84.76480243290014,-0.8448042639548277
2023-09-18,83.54000091552734,83.99729417913869,-0.4572932636113478
2023-09-19,83.62999725341797,83.53056052926622,0.09943672415174376
2023-09-20,80.68000030517578,83.5768040987173,-2.8968037935415225
2023-09-21,80.19000244140625,80.79776334176697,-0.6077609003607165
2023-09-22,80.04000091552734,80.02528925252267,0.014711663004675302
2023-09-25,77.68000030517578,79.96505611537253,-2.285055810196752
2023-09-26,77.12000274658203,77.8302756651659,-0.7102729185838683
2023-09-27,77.87999725341797,77.13774411734559,0.7422531360723781
2023-09-28,78.13999938964844,77.90551019081862,0.2344891988298201
2023-09-29,76.69999694824219,78.32427126481136,-1.6242743165691707
2023-10-02,75.20999908447266,77.00613094844275,-1.7961318639700892
2023-10-03,76.02999877929688,75.38573220482506,0.6442665744718141
2023-10-04,76.61000061035156,75.95457927020054,0.6554213401510225
2023-10-05,76.7699966430664,76.69705002204692,0.0729466210194829
2023-10-06,77.75,76.92275966504317,0.8272403349568265
2023-10-09,78.0,77.8058416191949,0.1941583808051064
2023-10-10,79.44000244140625,78.16747798130213,1.2725244601041226
2023-10-11,78.19999694824219,79.48555783851589,-1.2855608902737004
2023-10-12,78.12000274658203,78.48115791574533,-0.3611551691632968
2023-10-13,79.0199966430664,78.18192099285028,0.8380756502161262
2023-10-16,78.80000305175781,79.04838273970753,-0.24837968794972198
2023-10-17,77.08000183105469,79.04842117262534,-1.9684193415706517
2023-10-18,75.23999786376953,77.46516998379398,-2.225172120024453
2023-10-19,74.75,75.57594631591004,-0.8259463159100449
2023-10-20,74.04000091552734,74.99487550730723,-0.954874591779884
2023-10-23,74.91999816894531,74.41493005892484,0.5050681100204741
2023-10-24,73.27999877929688,75.21345565163375,-1.9334568723368761
2023-10-25,74.7300033569336,73.82021614858344,0.9097872083501528
2023-10-26,73.62000274658203,74.8992917378763,-1.2792889912942655
2023-10-27,73.95999908447266,74.09567454680477,-0.13567546233211658
2023-10-30,75.33000183105469,74.136969612582,1.1930322184726805
2023-10-31,75.83999633789062,75.34764989116029,0.49234644673033756
2023-11-01,78.2300033569336,75.91111667290537,2.3188866840282287
2023-11-02,80.02999877929688,78.0820082268179,1.94799055247897
2023-11-03,78.97000122070312,79.97608502744538,-1.0060838067422537
2023-11-06,78.27999877929688,79.0578791187906,-0.7778803394937199
2023-11-07,78.66000366210938,78.11352430307208,0.5464793590372921
2023-11-08,77.41999816894531,78.41906118139234,-0.9990630124470243
2023-11-09,78.19000244140625,77.36403402754077,0.8259684138654819
2023-11-10,77.55000305175781,78.01633537574185,-0.4663323239840338
2023-11-13,81.72000122070312,77.69173860576129,4.028262614941838
2023-11-14,81.94999694824219,81.56637626122667,0.3836206870155223
2023-11-15,81.86000061035156,82.38619417708779,-0.5261935667362252
2023-11-16,81.69999694824219,82.12158788740926,-0.4215909391670749
2023-11-17,82.33999633789062,81.76897495594999,0.5710213819406391
2023-11-20,81.94000244140625,82.24439583078386,-0.3043933893776085
2023-11-21,82.25,81.90722186814916,0.34277813185083517
2023-11-22,82.55000305175781,82.09252021646792,0.45748283528989475
2023-11-24,82.8499984741211,82.45179740112373,0.3982010729973666
2023-11-27,83.33999633789062,82.75834948209882,0.5816468557918029
2023-11-28,83.94999694824219,83.26256021941882,0.6874367288233714
2023-11-29,84.58999633789062,83.83382031960592,0.7561760182847053
2023-11-30,86.56999969482422,84.42874035050164,2.1412593443225774
2023-12-01,87.08999633789062,86.34424010831486,0.7457562295757612
2023-12-04,86.55999755859375,87.03545671939374,-0.4754591607999856
2023-12-05,86.18000030517578,86.484015896653,-0.30401559147722423
2023-12-06,86.47000122070312,85.98838297649968,0.481618244203446
2023-12-07,86.29000091552734,86.21409085575186,0.07591005977548093
2023-12-08,86.48999786376953,86.08307240695302,0.40692545681650927
2023-12-11,86.55000305175781,86.26688176671134,0.2831212850464766
2023-12-12,89.77999877929688,86.3426995891183,3.437299190178578
2023-12-13,92.26000213623048,89.4981489319741,2.761853204256383
2023-12-14,91.11000061035156,92.24253561490664,-1.1325350045550806
2023-12-15,90.97000122070312,91.21157484371881,-0.24157362301568241
2023-12-18,91.58000183105467,90.7425412595067,0.8374605715479788
2023-12-19,89.62999725341797,91.26052012231861,-1.6305228689006412
2023-12-20,90.4800033569336,89.43689329499406,1.0431100619395295
2023-12-21,90.77999877929688,90.07535878798913,0.7046399913077437
2023-12-22,91.47000122070312,90.57165500353408,0.898346217169049
2023-12-26,91.9499969482422,91.32548308093496,0.6245138673072432
2023-12-27,92.45999908447266,91.90987645651077,0.5501226279618834
2023-12-28,91.41000366210938,92.40928636739028,-0.9992827052809048
2023-12-29,92.22000122070312,91.3427658938815,0.8772353268216193
2024-01-02,90.0199966430664,91.98255705875326,-1.962560415686852
2024-01-03,89.86000061035156,89.96386385559028,-0.10386324523871338
2024-01-04,89.66000366210938,89.5812367561454,0.07876690596397395
2024-01-05,90.9499969482422,89.50113027070533,1.44886667753687
2024-01-08,90.31999969482422,90.77088274515162,-0.4508830503274055
2024-01-09,90.38999938964844,90.3180322053859,0.07196718426253312
2024-01-10,89.58999633789062,90.2510938349028,-0.6610974970121788
2024-01-11,90.16999816894533,89.42187773920013,0.7481204297451995
2024-01-12,89.54000091552734,89.89507448739853,-0.3550735718711877
2024-01-16,87.94000244140625,89.43166982371228,-1.4916673823060336
2024-01-17,87.3499984741211,87.829966518004,-0.4799680438829057
2024-01-18,88.31999969482422,87.18205852136234,1.1379411734618827
2024-01-19,88.77999877929688,88.18393756021476,0.5960612190821166
2024-01-22,88.23999786376953,88.80848873736345,-0.568490873593916
2024-01-23,86.94999694824219,88.32433677816499,-1.3743398299228033
2024-01-24,88.08999633789062,86.9892293350116,1.1007670028790244
2024-01-25,87.80999755859375,87.93990214332882,-0.1299045847350726
2024-01-26,88.41999816894531,87.85993901345398,0.5600591554913308
2024-01-29,87.56999969482422,88.41213014820201,-0.8421304533777914
2024-01-30,86.75,87.65722586421347,-0.9072258642134727
2024-01-31,88.30999755859375,86.8090150775752,1.5009824810185535
2024-02-01,87.11000061035156,88.24759397735278,-1.137593367001216
2024-02-02,85.33999633789062,87.30281391356243,-1.9628175756718065
2024-02-05,86.5199966430664,85.41978258324228,1.1002140598241255
2024-02-06,86.5,86.3935228637161,0.10647713628389965
2024-02-07,87.0999984741211,86.62474784802635,0.47525062609474844
2024-02-08,87.1500015258789,87.20179605156073,-0.05179452568182796
2024-02-09,87.08999633789062,87.30431998491596,-0.21432364702533846
2024-02-12,85.31999969482422,87.20392918204676,-1.8839294872225452
2024-02-13,86.0999984741211,85.4713127611012,0.6286857130198911
2024-02-14,88.04000091552734,86.01900823872342,2.020992676803928
2024-02-15,87.0999984741211,87.95702376718931,-0.8570252930682187
2024-02-16,86.95999908447266,87.25889302899859,-0.2988939445259291
2024-02-20,87.5999984741211,86.97817752406914,0.6218209500519549
2024-02-21,87.66000366210938,87.55961969757371,0.10038396453566634
2024-02-22,87.7699966430664,87.67338046906164,0.0966161740047653
2024-02-23,86.77999877929688,87.74037603661753,-0.9603772573206584
2024-02-26,86.94999694824219,86.76269118707611,0.18730576116607267
2024-02-27,87.81999969482422,86.82922924048628,0.9907704543379339
2024-02-28,88.5999984741211,87.76193059662087,0.8380678775002224
2024-02-29,89.55999755859375,88.63089085739213,0.9291067012016185
2024-03-01,90.43000030517578,89.59682256715745,0.8331777380183354
2024-03-04,89.37999725341797,90.47420601409964,-1.094208760681667
2024-03-05,89.6500015258789,89.44084644346651,0.20915508241239422
2024-03-06,89.83999633789062,89.50568616073669,0.33431017715393807
2024-03-07,90.8499984741211,89.71652217530848,1.1334762988126101
2024-03-08,90.41999816894533,90.69545969988623,-0.27546153094090187
2024-03-11,90.1999969482422,90.41311538545722,-0.2131184372150159
2024-03-12,89.73999786376953,90.16137919275809,-0.4213813289885593
2024-03-13,88.33999633789062,89.70016998451422,-1.3601736466235934
2024-03-14,88.23999786376953,88.32619068953993,-0.08619282577039655
2024-03-15,88.16999816894531,88.14002490676476,0.029973262180547522
2024-03-18,88.25,88.12982282979868,0.12017717020131613
2024-03-19,88.79000091552734,88.26086645781618,0.5291344577111659
2024-03-20,89.06999969482422,88.82848734733123,0.24151234749298567
2024-03-21,87.88999938964844,89.16373426390201,-1.2737348742535772
2024-03-22,87.48999786376953,88.0136226881257,-0.5236248243561619
2024-03-25,87.06999969482422,87.43533735858098,-0.3653376637567618
2024-03-26,89.26000213623047,86.989711130541,2.2702910056894723
2024-03-27,89.9000015258789,89.03170733738696,0.8682941884919444
2024-03-28,88.41999816894531,89.92550297765945,-1.5055048087141358
2024-04-01,87.31999969482422,88.50892283887352,-1.1889231440492978
2024-04-02,87.43000030517578,87.27316781614505,0.15683248903073377
2024-04-03,86.80999755859375,87.30935604442305,-0.49935848582930475
2024-04-04,87.19000244140625,86.79909914556461,0.39090329584163896
2024-04-05,88.16999816894531,87.13608754576268,1.033910623182635
2024-04-08,89.2300033569336,88.20656505672852,1.023438300205072
2024-04-09,85.61000061035156,89.37309215698377,-3.763091546632211
2024-04-10,85.70999908447266,86.00369142828536,-0.29369234381270815
2024-04-11,84.80000305175781,85.65932564120004,-0.859322589442229
2024-04-12,83.41999816894531,84.86982828598522,-1.4498301170399088
2024-04-15,82.18000030517578,83.51508144903224,-1.3350811438564563
2024-04-16,81.62999725341797,82.27764301841712,-0.6476457649991545
2024-04-17,81.5999984741211,81.73798729475091,-0.13798882062981477
2024-04-18,81.98999786376953,81.78409461312802,0.20590325064151216
2024-04-19,82.6500015258789,82.22916038910242,0.42084113677648816
2024-04-22,83.3499984741211,82.8752506795757,0.47474779454539373
2024-04-23,83.61000061035156,83.49901696856408,0.11098364178748454
2024-04-24,83.11000061035156,83.73635038239101,-0.6263497720394469
2024-04-25,83.23999786376953,83.2161928604678,0.02380500330173163
2024-04-26,84.12000274658203,83.24365952677933,0.8763432198027061
2024-04-29,82.5999984741211,84.09978716462142,-1.4997886905003242
2024-04-30,82.72000122070312,82.75334887462927,-0.033347653926142584
2024-05-01,83.81999969482422,82.69872987522777,1.1212698195964492
2024-05-02,84.45999908447266,83.82212360135895,0.637875483113703
2024-05-03,84.66999816894531,84.60183982627963,0.06815834266568288
2024-05-06,85.41999816894531,84.86973672403231,0.550261444913005
2024-05-07,84.7699966430664,85.59574621017418,-0.8257495671077777
2024-05-08,86.4000015258789,85.0293346382298,1.370666887649108
2024-05-09,86.23999786376953,86.45706793652874,-0.21707007275921342
2024-05-10,86.43000030517578,86.48297712328515,-0.05297681810937149
2024-05-13,87.06999969482422,86.55034560884455,0.519654085979667
2024-05-14,88.4000015258789,87.14656168344939,1.2534398424295148
2024-05-15,88.33000183105469,88.44090197112673,-0.11090014007204729
2024-05-16,88.33999633789062,88.44163737364866,-0.10164103575803551
2024-05-17,87.72000122070312,88.33915497874516,-0.6191537580420317
2024-05-20,87.75,87.68692162423282,0.06307837576717645
2024-05-21,86.94000244140625,87.63472749254171,-0.6947250511354639
2024-05-22,85.08000183105469,86.92417248556755,-1.8441706545128653
2024-05-23,85.08999633789062,85.0822087499446,0.00778758794602652
2024-05-24,84.56999969482422,84.95596530812324,-0.385965613299021
2024-05-28,83.77999877929688,84.60513595783789,-0.8251371785410129
2024-05-29,85.0,83.84664101636692,1.1533589836330833
2024-05-30,86.66999816894531,84.92431709504385,1.7456810739014657
2024-05-31,86.43000030517578,86.65438961696601,-0.22438931179023314
2024-06-03,87.19999694824219,86.53477227975371,0.6652246684884773
2024-06-04,86.98999786376953,87.10399734360233,-0.11399947983279901
2024-06-05,87.12999725341797,86.90003748042153,0.22995977299643755
2024-06-06,86.43000030517578,86.90631352926192,-0.47631322408614096
2024-06-07,86.66999816894531,86.26703336721475,0.4029648017305618
2024-06-10,85.87999725341797,86.43773841253267,-0.5577411591146983
2024-06-11,86.62000274658203,85.78548637398342,0.834516372598614
2024-06-12,87.12999725341797,86.49099069257865,0.6390065608393201
2024-06-13,87.05999755859375,87.16442266819492,-0.10442510960116635
2024-06-14,86.75,87.17914978653738,-0.4291497865373799
2024-06-17,87.0,86.88899363096797,0.11100636903202599
2024-06-18,86.7699966430664,87.09332695113991,-0.3233303080735084
2024-06-20,87.12999725341797,86.94249937501034,0.18749787840762622
2024-06-21,87.6500015258789,87.27067914395074,0.37932238192816214
2024-06-24,86.58999633789062,87.80178019803073,-1.2117838601401019
2024-06-25,86.33999633789062,86.8209678735692,-0.4809715356785773
2024-06-26,87.06999969482422,86.43308344068818,0.6369162541360396
2024-06-27,87.73999786376953,87.08635769551759,0.6536401682519397
2024-06-28,86.93000030517578,87.78696165759459,-0.8569613524188071
2024-07-01,87.26000213623047,87.06940383695913,0.1905982992713433
2024-07-02,87.22000122070312,87.24850614732574,-0.028504926622616722
2024-07-03,87.47000122070312,87.2684318667992,0.2015693539039205
2024-07-05,87.77999877929688,87.5071109697129,0.2728878095839775
2024-07-08,87.76000213623047,87.82600637616287,-0.06600423993239701
2024-07-09,88.44000244140625,87.8003912865014,0.6396111549048555
2024-07-10,90.87999725341795,88.43057839614025,2.4494188572777063
2024-07-11,91.63999938964844,90.80380158778503,0.8361978018634062
2024-07-12,92.05999755859376,91.73019386110788,0.329803697485886
2024-07-15,93.19000244140624,92.05820599269381,1.1317964487124215
2024-07-16,93.8000030517578,93.07050692022071,0.7294961315370898
2024-07-17,93.0999984741211,93.68634037316696,-0.5863418990458626
2024-07-18,92.91000366210938,92.99717027277995,-0.08716661067057885
2024-07-19,93.80999755859376,92.70649695285748,1.1035006057362864
2024-07-22,93.69000244140624,93.58561222418085,0.10439021722538655
2024-07-23,92.1999969482422,93.63573695651691,-1.4357400082747063
2024-07-24,91.88999938964844,92.21201287239766,-0.32201348274922736
2024-07-25,93.44000244140624,91.77177101806305,1.6682314233431867
2024-07-26,94.04000091552734,93.30422977969343,0.7357711358339145
2024-07-29,94.68000030517578,94.0938468702234,0.5861534349523794
2024-07-30,94.43000030517578,94.6999985752197,-0.26999827004391364
2024-07-31,95.5199966430664,94.42438218179248,1.0956144612739251
2024-08-01,95.61000061035156,95.36424333618491,0.2457572741666496
2024-08-02,92.9000015258789,95.49807419930187,-2.598072673422962
2024-08-05,94.83999633789062,92.76902435898367,2.070971978906954
2024-08-06,94.01000213623048,94.32102203967398,-0.3110199034434942
2024-08-07,95.01000213623048,93.79921113147063,1.2107910047598551
2024-08-08,95.44000244140624,94.72913535955408,0.7108670818521574
2024-08-09,94.79000091552734,95.28656437301527,-0.4965634574879232
2024-08-12,95.5199966430664,94.67891203229817,0.8410846107682346
2024-08-13,95.9000015258789,95.30660699804481,0.5933945278340929
2024-08-14,95.61000061035156,95.78046244347274,-0.17046183312118046
2024-08-15,95.63999938964844,95.50784555724364,0.1321538324047964
2024-08-16,96.37000274658205,95.47061249626945,0.8993902503125923
2024-08-19,96.3499984741211,96.24757172510063,0.10242674902046645
2024-08-20,96.69000244140624,96.30460619851154,0.3853962428947
2024-08-21,97.05999755859376,96.61992590241425,0.44007165617951216
2024-08-22,99.13999938964844,96.96992464478569,2.1700747448627453
2024-08-23,98.98999786376952,98.97168089503779,0.018316968731724614
2024-08-26,99.20999908447266,98.99926593872053,0.21073314575212976
2024-08-27,98.86000061035156,99.09786632361889,-0.23786571326732542
2024-08-28,98.52999877929688,98.72990356350601,-0.1999047842091386
2024-08-29,99.52999877929688,98.38591935301059,1.1440794262862823
2024-08-30,99.52999877929688,99.36806176916208,0.16193701013479256
2024-09-03,99.80999755859376,99.47515113860702,0.33484641998674647
2024-09-04,99.48999786376952,99.7537551210234,-0.26375725725388577
2024-09-05,99.4000015258789,99.45554704379936,-0.05554551792045004
2024-09-06,100.61000061035156,99.34230850151981,1.2676921088317528
2024-09-09,102.1999969482422,100.50054456463091,1.6994523836112876
2024-09-10,101.83999633789062,102.1342465218507,-0.29425018396007374
2024-09-11,102.1999969482422,101.83722054424624,0.3627764039959658
2024-09-12,103.13999938964844,102.05484163639537,1.0851577532530712
2024-09-13,103.61000061035156,102.96527712761775,0.6447234827338093
2024-09-16,102.76000213623048,103.43548689013045,-0.6754847538999655
2024-09-17,102.56999969482422,102.57324718735208,-0.0032474925278620503
2024-09-18,102.45999908447266,102.26031809739274,0.19968098707991544
2024-09-19,102.2699966430664,102.16170616058757,0.10829048247883577
2024-09-20,103.16999816894533,102.02891643092913,1.1410817380161973
2024-09-23,103.1999969482422,102.97202410421846,0.22797284402373919
2024-09-24,101.88999938964844,103.10304256837699,-1.2130431787285545
2024-09-25,100.9499969482422,101.8163035700448,-0.8663066218025932
2024-09-26,101.1500015258789,100.79160096558437,0.35840056029454104
2024-09-27,101.87000274658205,100.95122211003434,0.9187806365477087
2024-09-30,101.26000213623048,101.73540528013547,-0.47540314390498395
2024-10-01,100.91999816894533,101.22265096416925,-0.30265279522392063
2024-10-02,99.91999816894533,100.82874014017878,-0.9087419712334537
2024-10-03,99.36000061035156,99.83145615577934,-0.4714555454277729
2024-10-04,98.5,99.21191652882544,-0.7119165288254408
2024-10-07,98.7300033569336,98.35890166788207,0.3711016890515282
2024-10-08,98.8000030517578,98.56990065268084,0.23010239907695507
2024-10-09,98.01000213623048,98.73695799606827,-0.726955859837787
2024-10-10,99.11000061035156,98.02581773444356,1.0841828759079988
2024-10-11,99.76000213623048,99.07039722725305,0.6896049089774294
2024-10-14,100.94000244140624,99.83502091322079,1.1049815281854478
2024-10-15,101.9800033569336,100.98090140885138,0.9991019480822132
2024-10-16,101.19000244140624,102.01518834190091,-0.8251859004946738
2024-10-17,101.94000244140624,101.23735405788807,0.7026483835181665
2024-10-18,99.9000015258789,101.82422875642321,-1.9242272305443038
2024-10-21,100.01000213623048,99.91182015901256,0.09818197721791933
2024-10-22,100.91000366210938,99.87407776638142,1.0359258957279565
2024-10-23,101.16000366210938,100.86886754481426,0.29113611729511035
2024-10-24,100.1999969482422,101.27469733867053,-1.0747003904283332
2024-10-25,100.45999908447266,100.36591440263697,0.09408468183568175
2024-10-28,99.52999877929688,100.557288242927,-1.027289463630126
2024-10-29,100.01000213623048,99.69939416581127,0.3106079704192126
2024-10-30,98.30999755859376,100.06563707017455,-1.7556395115807817
2024-10-31,97.1999969482422,98.46734348545392,-1.267346537211722
2024-11-01,98.25,97.20533928553124,1.0446607144687619
2024-11-04,99.58999633789062,98.20260356615987,1.3873927717307595
2024-11-05,97.08000183105467,99.67279929217771,-2.592797461123041
2024-11-06,98.27999877929688,97.27935972297118,1.0006390563256957
2024-11-07,99.88999938964844,98.10765167697033,1.7823477126781029
2024-11-08,99.2300033569336,99.79845505912118,-0.5684517021875877
2024-11-11,97.88999938964844,99.23263044205964,-1.3426310524112068
2024-11-12,98.55999755859376,97.78861530288029,0.7713822557134762
2024-11-13,97.69000244140624,98.31483395539571,-0.6248315139894771
2024-11-14,97.8000030517578,97.59709768374994,0.20290536800786185
2024-11-15,98.5999984741211,97.7042875109085,0.8957109632125935
2024-11-18,99.12000274658205,98.54315175583815,0.5768509907438926
2024-11-19,98.91000366210938,99.11990957468913,-0.20990591257975666
2024-11-20,99.62000274658205,98.98252282445193,0.6374799221301117
2024-11-21,100.36000061035156,99.6435657426234,0.716434867728168
2024-11-22,101.76000213623048,100.39269945136157,1.3673026848689176
2024-11-25,102.08000183105467,101.78435561586686,0.29564621518781564
2024-11-26,102.87000274658205,102.1554453447784,0.7145574018036456
2024-11-27,102.30999755859376,102.87613290228666,-0.566135343692892
2024-11-29,100.94000244140624,102.34406359769211,-1.4040611562858771
2024-12-02,100.36000061035156,100.88873095945998,-0.5287303491084145
2024-12-03,100.02999877929688,100.21719201559065,-0.18719323629377982
2024-12-04,99.72000122070312,99.96151891235672,-0.24151769165359838
2024-12-05,99.69000244140624,99.71824881098092,-0.0282463695746884
2024-12-06,99.97000122070312,99.74437898029566,0.2256222404074606
2024-12-09,98.38999938964844,100.10383009310695,-1.7138307034585125
2024-12-10,98.20999908447266,98.60270848708849,-0.39270940261583576
2024-12-11,98.0199966430664,98.25691704997075,-0.23692040690434624
2024-12-12,97.61000061035156,98.0724164616463,-0.46241585129473606
2024-12-13,97.33000183105467,97.64128793433036,-0.31128610327569106
2024-12-16,96.05999755859376,97.33672751828622,-1.2767299596924602
2024-12-17,92.1500015258789,96.08404620614132,-3.934044680262417
2024-12-18,90.73999786376952,92.16882204322631,-1.4288241794567966
2024-12-19,92.38999938964844,90.52021927711151,1.8697801125369296
2024-12-20,92.79000091552734,92.1621877081704,0.6278132073569367
2024-12-23,93.41000366210938,92.86728817247199,0.5427154896373878
2024-12-24,93.5999984741211,93.54686247602439,0.05313599809670677
2024-12-26,92.66999816894533,93.77903097270476,-1.1090328037594332
2024-12-27,92.27999877929688,92.86021648863381,-0.5802177093369352
2024-12-30,93.05999755859376,92.35152458344382,0.7084729751499452
